dia,mes,tipo,dow,has_ponta,cons_hp_total,cons_hp_residual,cons_fp_total,cons_fp_net,dem_hp_max,dem_fp_max,dem_hp_resid,solar_saving,bess_charge_kwh,bess_dead
2025-02-01,Fev,Ajustado,Saturday,False,0.00,0.00,42982.47,40634.42,0.00,2405.88,0.00,8548.05,6200.00,False
2025-02-02,Fev,Ajustado,Sunday,False,0.00,0.00,39732.52,31184.47,0.00,2418.86,0.00,8548.05,0.00,False
2025-02-03,Fev,Ajustado,Monday,True,5750.90,277.41,35080.70,26532.65,1963.87,2398.61,98.19,8548.05,0.00,False
2025-02-04,Fev,Ajustado,Tuesday,True,5799.95,279.77,36612.91,33538.36,1979.55,2448.46,98.98,8548.05,5473.49,False
2025-02-05,Fev,Ajustado,Wednesday,True,5787.16,279.16,36379.94,33352.06,1967.53,2390.82,98.38,8548.05,5520.17,False
2025-02-06,Fev,Ajustado,Thursday,True,5882.12,283.74,38555.38,35751.21,1984.25,2446.38,99.21,8312.18,5508.01,False
2025-02-07,Fev,Ajustado,Friday,True,6457.98,314.34,37244.92,34295.25,2348.73,2480.13,117.44,8548.05,5598.39,False
2025-02-08,Fev,Ajustado,Saturday,False,0.00,0.00,44305.27,41900.87,0.00,2479.62,0.00,8548.05,6143.64,False
2025-02-09,Fev,Ajustado,Sunday,False,0.00,0.00,39604.60,31056.55,0.00,2460.92,0.00,8548.05,0.00,False
2025-02-10,Fev,Ajustado,Monday,True,5695.07,274.71,36904.46,28356.41,1947.14,2441.71,97.36,8548.05,0.00,False
2025-02-11,Fev,Ajustado,Tuesday,True,5793.68,279.47,35705.35,32577.66,1985.30,2419.90,99.26,8548.05,5420.36,False
2025-02-12,Fev,Ajustado,Wednesday,True,5587.46,269.52,35386.72,32352.88,1893.82,2275.98,94.69,8548.05,5514.21,False
2025-02-13,Fev,Ajustado,Thursday,True,5909.51,285.06,36932.68,33702.57,2004.12,2460.92,100.21,8548.05,5317.94,False
2025-02-14,Fev,Ajustado,Friday,True,6482.42,315.95,37108.00,34184.41,2325.62,2438.07,116.28,8548.05,5624.46,False
2025-02-15,Fev,Ajustado,Saturday,False,0.00,0.00,43351.30,40969.72,0.00,2454.17,0.00,8548.05,6166.47,False
2025-02-16,Fev,Ajustado,Sunday,False,0.00,0.00,39623.28,31075.24,0.00,2377.83,0.00,8548.05,0.00,False
2025-02-17,Fev,Ajustado,Monday,True,5572.72,268.81,35238.01,26689.96,1899.05,2318.25,94.95,8548.05,0.00,False
2025-02-18,Fev,Ajustado,Tuesday,True,5749.60,277.34,35955.00,32710.86,1972.23,2402.76,98.61,8548.05,5303.91,False
2025-02-19,Fev,Ajustado,Wednesday,True,5620.72,271.13,35973.48,32897.69,1916.82,2388.22,95.84,8548.05,5472.25,False
2025-02-20,Fev,Ajustado,Thursday,True,5655.42,272.80,35978.98,32780.53,1919.44,2409.51,95.97,8548.05,5349.60,False
2025-02-21,Fev,Ajustado,Friday,True,5704.99,275.19,35401.49,32236.06,1938.25,2321.31,96.91,8548.05,5382.62,False
2025-02-22,Fev,Ajustado,Saturday,False,0.00,0.00,42959.17,39840.92,0.00,2457.81,0.00,8548.05,5429.79,False
2025-02-23,Fev,Ajustado,Sunday,False,0.00,0.00,39449.66,30901.61,0.00,2411.59,0.00,8548.05,0.00,False
2025-02-24,Fev,Ajustado,Monday,True,5627.38,271.45,36046.06,27498.01,1924.14,2399.13,96.21,8548.05,0.00,False
2025-02-25,Fev,Ajustado,Tuesday,True,5564.76,268.43,35649.88,32457.76,1913.16,2378.35,95.66,8548.05,5355.93,False
2025-02-26,Fev,Ajustado,Wednesday,True,5737.86,276.78,35485.01,32233.30,1955.50,2315.20,97.78,8548.05,5296.34,False
2025-02-27,Fev,Ajustado,Thursday,True,5717.25,275.78,36208.85,33121.88,1957.07,2412.63,97.85,8548.05,5461.08,False
2025-02-28,Fev,Ajustado,Friday,True,5703.94,275.14,36182.09,33075.51,1940.34,2308.07,97.02,8548.05,5441.46,False
2025-03-01,Mar,Ajustado,Saturday,False,0.00,0.00,40707.07,38091.35,0.00,2258.16,0.00,8044.52,5428.80,False
2025-03-02,Mar,Ajustado,Sunday,False,0.00,0.00,37578.95,29534.43,0.00,2268.34,0.00,8044.52,0.00,False
2025-03-03,Mar,Ajustado,Monday,True,4220.85,203.60,27916.81,20437.47,1443.76,1757.53,72.19,7479.34,0.00,False
2025-03-04,Mar,Ajustado,Tuesday,True,4138.16,199.61,26197.23,23036.41,1411.87,1787.58,70.59,7178.07,4017.26,False
2025-03-05,Mar,Ajustado,Wednesday,True,5632.85,271.71,30615.99,26995.35,1943.48,2418.86,97.17,7559.18,3938.55,False
2025-03-06,Mar,Ajustado,Thursday,True,5574.16,268.88,34638.84,31969.62,1906.37,2319.78,95.32,8030.36,5361.14,False
2025-03-07,Mar,Ajustado,Friday,True,5470.33,263.87,32490.30,29788.69,1858.28,2205.19,92.91,8006.89,5305.28,False
2025-03-08,Mar,Ajustado,Saturday,False,0.00,0.00,40522.05,37697.64,0.00,2432.36,0.00,8030.86,5206.46,False
2025-03-09,Mar,Ajustado,Sunday,False,0.00,0.00,38833.50,30788.97,0.00,2381.99,0.00,8044.52,0.00,False
2025-03-10,Mar,Ajustado,Monday,True,5445.54,262.68,33455.26,25424.91,1852.00,2295.84,92.60,8030.36,0.00,False
2025-03-11,Mar,Ajustado,Tuesday,True,5571.55,268.75,34150.84,31313.45,1893.30,2385.10,94.66,8020.26,5182.87,False
2025-03-12,Mar,Ajustado,Wednesday,True,5591.11,269.70,31917.37,29175.64,1915.78,2324.87,95.79,8044.52,5302.79,False
2025-03-13,Mar,Ajustado,Thursday,True,5804.12,279.97,37279.13,34556.02,1983.21,2388.74,99.16,8044.52,5321.41,False
2025-03-14,Mar,Ajustado,Friday,True,5935.99,286.33,36761.64,34241.26,2032.87,2462.48,101.64,8044.52,5524.15,False
2025-03-15,Mar,Ajustado,Saturday,False,0.00,0.00,42136.75,39762.29,0.00,2492.60,0.00,8024.12,5649.66,False
2025-03-16,Mar,Ajustado,Sunday,False,0.00,0.00,39467.48,31422.96,0.00,2418.86,0.00,8044.52,0.00,False
2025-03-17,Mar,Ajustado,Monday,True,5584.98,269.40,33864.47,25835.39,1888.07,2314.69,94.40,8029.08,0.00,False
2025-03-18,Mar,Ajustado,Tuesday,True,5703.94,275.14,33567.55,30850.86,1986.34,2425.61,99.32,8032.27,5315.58,False
2025-03-19,Mar,Ajustado,Wednesday,True,5710.20,275.44,34163.37,31547.65,1963.34,2396.01,98.17,8044.52,5428.80,False
2025-03-20,Mar,Ajustado,Thursday,True,5692.07,274.57,35104.26,32494.50,1973.28,2421.97,98.66,8044.52,5434.76,False
2025-03-21,Mar,Ajustado,Friday,True,5872.21,283.26,34652.39,32025.37,2031.30,2441.19,101.56,8044.52,5417.50,False
2025-03-22,Mar,Ajustado,Saturday,False,0.00,0.00,43340.01,40884.43,0.00,2487.92,0.00,8044.52,5588.95,False
2025-03-23,Mar,Ajustado,Sunday,False,0.00,0.00,42679.67,34635.15,0.00,2394.45,0.00,8044.52,0.00,False
2025-03-24,Mar,Ajustado,Monday,True,5803.47,279.94,36309.31,28264.78,1978.50,2439.11,98.93,8044.52,0.00,False
2025-03-25,Mar,Ajustado,Tuesday,True,6380.85,309.72,39332.69,36811.69,2389.62,2564.26,119.48,8044.52,5523.53,False
2025-03-26,Mar,Ajustado,Wednesday,True,6845.04,645.04,39555.50,37582.11,2424.00,2565.30,1338.24,8044.52,6071.13,True
2025-03-27,Mar,Ajustado,Thursday,True,7225.95,1025.95,40617.32,38772.80,2465.48,2612.55,2368.88,8044.52,6200.00,True
2025-03-28,Mar,Ajustado,Friday,True,6051.24,292.36,38829.12,36984.60,2315.54,2462.48,115.78,8044.52,6200.00,False
2025-03-29,Mar,Ajustado,Saturday,False,0.00,0.00,44238.09,41952.45,0.00,2463.00,0.00,8044.52,5758.88,False
2025-03-30,Mar,Ajustado,Sunday,False,0.00,0.00,41858.79,33814.26,0.00,2404.84,0.00,8044.52,0.00,False
2025-03-31,Mar,Ajustado,Monday,True,5523.68,266.45,34987.20,26942.67,1881.80,2446.90,94.09,8044.52,0.00,False
2025-04-01,Abr,Ajustado,Tuesday,True,5829.91,281.67,35857.93,32884.15,2250.35,2498.83,112.52,8231.01,5257.23,False
2025-04-02,Abr,Ajustado,Wednesday,True,5543.11,267.38,35222.53,32539.76,1927.28,2394.97,96.36,8231.01,5548.24,False
2025-04-03,Abr,Ajustado,Thursday,True,5879.39,284.51,35949.31,32994.03,2246.79,2419.90,112.34,8231.01,5275.73,False
2025-04-04,Abr,Ajustado,Friday,True,6332.41,308.65,35792.42,33156.28,2262.79,2407.95,113.14,8231.01,5594.87,False
2025-04-05,Abr,Ajustado,Saturday,False,0.00,0.00,42312.04,40104.79,0.00,2484.81,0.00,8231.01,6023.76,False
2025-04-06,Abr,Ajustado,Sunday,False,0.00,0.00,39557.87,31326.86,0.00,2488.96,0.00,8231.01,0.00,False
2025-04-07,Abr,Ajustado,Monday,True,5678.25,273.90,35676.73,27445.72,1918.39,2379.91,95.92,8231.01,0.00,False
2025-04-08,Abr,Ajustado,Tuesday,True,5718.94,275.87,35851.46,33024.79,1930.41,2438.07,96.52,8231.01,5404.34,False
2025-04-09,Abr,Ajustado,Wednesday,True,5648.77,272.48,35923.58,33145.12,1912.12,2469.75,95.61,8221.54,5443.08,False
2025-04-10,Abr,Ajustado,Thursday,True,5785.99,279.10,36002.46,33147.74,1963.34,2425.09,98.17,8231.01,5376.29,False
2025-04-11,Abr,Ajustado,Friday,True,6511.93,317.82,36045.22,33321.10,2313.76,2448.98,115.69,8231.01,5506.89,False
2025-04-12,Abr,Ajustado,Saturday,False,0.00,0.00,41986.24,39949.34,0.00,2442.75,0.00,8231.01,6194.10,False
2025-04-13,Abr,Ajustado,Sunday,False,0.00,0.00,40025.37,31794.36,0.00,2426.13,0.00,8231.01,0.00,False
2025-04-14,Abr,Ajustado,Monday,True,5726.38,276.22,34637.70,26406.69,1964.39,2389.78,98.22,8231.01,0.00,False
2025-04-15,Abr,Ajustado,Tuesday,True,5736.03,276.69,35290.01,32509.16,1949.23,2388.74,97.46,8231.01,5450.15,False
2025-04-16,Abr,Ajustado,Wednesday,True,5982.19,289.47,36088.03,33316.36,2239.68,2396.01,111.98,8231.01,5459.34,False
2025-04-17,Abr,Ajustado,Thursday,True,6007.05,291.13,36429.69,33891.40,2252.12,2427.69,112.61,8231.01,5692.71,False
2025-04-18,Abr,Ajustado,Friday,True,4291.29,207.00,32292.83,30160.34,1477.74,1841.56,73.89,7848.40,5715.91,False
2025-04-19,Abr,Ajustado,Saturday,False,0.00,0.00,41327.23,37180.52,0.00,2413.15,0.00,8231.01,4084.30,False
2025-04-20,Abr,Ajustado,Sunday,False,0.00,0.00,37732.89,29501.88,0.00,2298.90,0.00,8231.01,0.00,False
2025-04-21,Abr,Ajustado,Monday,True,5641.72,272.14,34330.46,26100.21,1914.21,2293.81,95.71,8230.25,0.00,False
2025-04-22,Abr,Ajustado,Tuesday,True,5524.46,266.48,35542.56,32681.13,1932.50,2393.93,96.63,8231.01,5369.58,False
2025-04-23,Abr,Ajustado,Wednesday,True,4699.17,226.67,35187.79,32214.75,1906.37,2374.20,95.32,8231.01,5257.98,False
2025-04-24,Abr,Ajustado,Thursday,True,5602.59,270.25,33255.37,29496.87,1896.96,2268.34,94.85,8231.01,4472.50,False
2025-04-25,Abr,Ajustado,Friday,True,5720.64,275.95,38514.85,35616.18,1960.21,2414.70,98.01,8231.01,5332.34,False
2025-04-26,Abr,Ajustado,Saturday,False,0.00,0.00,41966.83,39180.51,0.00,2486.89,0.00,8231.01,5444.69,False
2025-04-27,Abr,Ajustado,Sunday,False,0.00,0.00,39407.37,31176.36,0.00,2376.80,0.00,8231.01,0.00,False
2025-04-28,Abr,Ajustado,Monday,True,5688.55,274.40,34830.83,26599.82,1932.50,2302.97,96.63,8231.01,0.00,False
2025-04-29,Abr,Ajustado,Tuesday,True,5797.71,280.12,35261.78,32444.92,2233.16,2393.93,111.66,8231.01,5414.15,False
2025-04-30,Abr,Ajustado,Wednesday,True,5748.03,277.27,35443.20,32729.78,1961.25,2418.86,98.06,8231.01,5517.59,False
2025-05-01,Mai,Ajustado,Thursday,True,4398.51,212.17,30827.74,28349.87,1514.33,1863.97,75.72,7948.63,5470.76,False
2025-05-02,Mai,Ajustado,Friday,True,5719.33,275.88,34778.15,31015.86,1934.07,2398.09,96.70,7948.63,4186.34,False
2025-05-03,Mai,Ajustado,Saturday,False,0.00,0.00,41390.89,38885.70,0.00,2435.99,0.00,7948.63,5443.45,False
2025-05-04,Mai,Ajustado,Sunday,False,0.00,0.00,38775.72,30827.08,0.00,2394.97,0.00,7948.63,0.00,False
2025-05-05,Mai,Ajustado,Monday,True,5533.07,266.90,34741.02,26792.39,1901.14,2428.72,95.06,7948.63,0.00,False
2025-05-06,Mai,Ajustado,Tuesday,True,5658.68,272.96,35043.84,32361.38,1910.03,2304.50,95.50,7948.63,5266.17,False
2025-05-07,Mai,Ajustado,Wednesday,True,5715.03,275.68,35426.74,32907.19,1967.53,2399.13,98.38,7905.28,5385.72,False
2025-05-08,Mai,Ajustado,Thursday,True,5799.55,279.75,36186.39,33677.11,1976.41,2416.78,98.82,7948.63,5439.35,False
2025-05-09,Mai,Ajustado,Friday,True,5864.90,282.91,40195.37,37766.54,1974.32,2454.69,98.72,7948.63,5519.80,False
2025-05-10,Mai,Ajustado,Saturday,False,0.00,0.00,41952.46,39585.82,0.00,2419.90,0.00,7948.63,5582.00,False
2025-05-11,Mai,Ajustado,Sunday,False,0.00,0.00,42920.37,34971.74,0.00,2419.90,0.00,7948.63,0.00,False
2025-05-12,Mai,Ajustado,Monday,True,5534.37,266.96,34344.34,26395.71,1906.37,2301.95,95.32,7948.63,0.00,False
2025-05-13,Mai,Ajustado,Tuesday,True,5596.59,269.96,35160.08,32478.86,1910.03,2393.93,95.50,7948.63,5267.41,False
2025-05-14,Mai,Ajustado,Wednesday,True,5621.51,271.16,34770.74,32148.73,1962.30,2313.67,98.11,7948.63,5326.63,False
2025-05-15,Mai,Ajustado,Thursday,True,5643.55,272.23,35502.76,32904.47,1907.94,2365.89,95.40,7948.63,5350.34,False
2025-05-16,Mai,Ajustado,Friday,True,6085.44,294.93,36072.82,33495.51,2285.31,2410.03,114.27,7948.63,5371.32,False
2025-05-17,Mai,Ajustado,Saturday,False,0.00,0.00,43294.40,41136.29,0.00,2428.72,0.00,7948.63,5790.52,False
2025-05-18,Mai,Ajustado,Sunday,False,0.00,0.00,39872.58,31923.95,0.00,2417.82,0.00,7948.63,0.00,False
2025-05-19,Mai,Ajustado,Monday,True,5527.98,266.65,35207.02,27258.38,1868.73,2376.80,93.44,7948.63,0.00,False
2025-05-20,Mai,Ajustado,Tuesday,True,5556.29,268.02,34348.29,31660.98,1912.12,2380.95,95.61,7948.63,5261.33,False
2025-05-21,Mai,Ajustado,Wednesday,True,5504.50,265.52,34820.65,32160.28,1883.89,2319.27,94.19,7948.63,5288.27,False
2025-05-22,Mai,Ajustado,Thursday,True,5614.20,270.81,35145.98,32436.33,1910.03,2399.13,95.50,7948.63,5238.98,False
2025-05-23,Mai,Ajustado,Friday,True,6489.05,316.71,36116.37,33511.12,2296.57,2407.95,114.83,7948.63,5343.39,False
2025-05-24,Mai,Ajustado,Saturday,False,0.00,0.00,43516.32,41740.02,0.00,2505.58,0.00,7948.63,6172.33,False
2025-05-25,Mai,Ajustado,Sunday,False,0.00,0.00,39633.00,31684.37,0.00,2407.95,0.00,7948.63,0.00,False
2025-05-26,Mai,Ajustado,Monday,True,5527.72,266.64,34778.84,26830.21,1892.25,2416.78,94.61,7948.63,0.00,False
2025-05-27,Mai,Ajustado,Tuesday,True,5686.46,274.30,35101.31,32413.76,1927.28,2399.13,96.36,7948.63,5261.08,False
2025-05-28,Mai,Ajustado,Wednesday,True,5721.29,275.98,34966.47,32430.00,1970.66,2435.99,98.53,7948.63,5412.17,False
2025-05-29,Mai,Ajustado,Thursday,True,5824.60,280.96,35945.46,33442.14,1970.66,2440.67,98.53,7948.63,5445.31,False
2025-05-30,Mai,Ajustado,Friday,True,6008.63,290.76,35878.30,33473.30,2278.79,2461.96,113.94,7948.63,5543.64,False
2025-05-31,Mai,Ajustado,Saturday,False,0.00,0.00,42614.14,40383.38,0.00,2451.05,0.00,7948.63,5717.87,False
2025-06-01,Jun,Ajustado,Sunday,False,0.00,0.00,38932.24,30724.21,0.00,2435.99,0.00,8208.03,0.00,False
2025-06-02,Jun,Ajustado,Monday,True,5544.55,267.45,35180.64,26972.61,1877.09,2407.95,93.85,8208.03,0.00,False
2025-06-03,Jun,Ajustado,Tuesday,True,5608.07,270.52,34359.62,31428.68,1944.53,2299.92,97.23,8208.03,5277.09,False
2025-06-04,Jun,Ajustado,Wednesday,True,5624.77,271.32,33402.40,30531.92,1912.12,2461.96,95.61,8208.03,5337.55,False
2025-06-05,Jun,Ajustado,Thursday,True,6162.12,299.09,33544.70,30690.11,2298.95,2414.70,114.95,8208.03,5353.44,False
2025-06-06,Jun,Ajustado,Friday,True,6338.37,308.51,33566.23,31221.22,2288.87,2496.75,114.44,8208.03,5863.03,False
2025-06-07,Jun,Ajustado,Saturday,False,0.00,0.00,44034.34,41856.17,0.00,2451.05,0.00,8208.03,6029.86,False
2025-06-08,Jun,Ajustado,Sunday,False,0.00,0.00,40447.48,32239.45,0.00,2379.91,0.00,8208.03,0.00,False
2025-06-09,Jun,Ajustado,Monday,True,5539.59,267.21,35670.62,27462.59,1901.14,2412.11,95.06,8208.03,0.00,False
2025-06-10,Jun,Ajustado,Tuesday,True,5818.08,280.65,36107.96,33172.31,1977.46,2399.13,98.87,8208.03,5272.38,False
2025-06-11,Jun,Ajustado,Wednesday,True,5751.16,277.42,35716.58,33134.79,1951.32,2412.11,97.57,8119.23,5537.43,False
2025-06-12,Jun,Ajustado,Thursday,True,6830.10,630.10,39320.71,36586.42,2375.40,2483.77,1295.12,8208.03,5473.74,True
2025-06-13,Jun,Ajustado,Friday,True,5769.42,278.30,36343.76,34335.73,1964.39,2405.88,98.22,8208.03,6200.00,False
2025-06-14,Jun,Ajustado,Saturday,False,0.00,0.00,41371.28,38654.37,0.00,2513.89,0.00,8208.03,5491.12,False
2025-06-15,Jun,Ajustado,Sunday,False,0.00,0.00,37723.51,29515.47,0.00,2310.61,0.00,8208.03,0.00,False
2025-06-16,Jun,Ajustado,Monday,True,5489.24,264.78,34434.60,26226.57,1877.09,2390.82,93.85,8208.03,0.00,False
2025-06-17,Jun,Ajustado,Tuesday,True,5368.32,258.95,34771.69,31788.11,1837.89,2375.76,91.89,8208.03,5224.46,False
2025-06-18,Jun,Ajustado,Wednesday,True,5720.25,275.93,35189.57,32090.91,1955.50,2369.01,97.78,8208.03,5109.37,False
2025-06-19,Jun,Ajustado,Thursday,True,5530.59,266.78,33634.41,30873.05,1866.12,2279.04,93.31,8205.67,5444.32,False
2025-06-20,Jun,Ajustado,Friday,True,5604.29,270.33,34982.49,32038.27,1916.30,2410.03,95.81,8208.03,5263.81,False
2025-06-21,Jun,Ajustado,Saturday,False,0.00,0.00,40887.57,38013.49,0.00,2446.90,0.00,8208.03,5333.95,False
2025-06-22,Jun,Ajustado,Sunday,False,0.00,0.00,37106.96,28909.11,0.00,2289.22,0.00,8197.85,0.00,False
2025-06-23,Jun,Ajustado,Monday,True,5553.42,267.88,33309.60,25101.57,1907.94,2310.61,95.40,8208.03,0.00,False
2025-06-24,Jun,Ajustado,Tuesday,True,5665.99,273.31,34762.70,31840.20,1918.39,2386.14,95.92,8208.03,5285.54,False
2025-06-25,Jun,Ajustado,Wednesday,True,5640.81,272.10,33290.60,30475.24,1916.30,2401.72,95.81,8208.03,5392.67,False
2025-06-26,Jun,Ajustado,Thursday,True,5697.81,274.85,35281.30,32441.98,1931.46,2321.31,96.57,8208.03,5368.71,False
2025-06-27,Jun,Ajustado,Friday,True,5783.38,278.97,35178.65,32393.59,1962.30,2420.94,98.11,8208.03,5422.97,False
2025-06-28,Jun,Ajustado,Saturday,False,0.00,0.00,42336.48,39632.86,0.00,2425.09,0.00,8208.03,5504.41,False
2025-06-29,Jun,Ajustado,Sunday,False,0.00,0.00,38924.64,30723.09,0.00,2392.89,0.00,8201.54,0.00,False
2025-06-30,Jun,Ajustado,Monday,True,5639.64,272.04,35613.32,27405.29,1942.44,2492.60,97.12,8208.03,0.00,False
2025-07-01,Jul,Ajustado,Tuesday,True,5674.59,273.73,35330.67,32095.96,1970.66,2455.73,98.53,8602.30,5367.60,False
2025-07-02,Jul,Ajustado,Wednesday,True,5749.34,277.33,36916.70,33715.27,1953.41,2440.67,97.67,8602.30,5400.87,False
2025-07-03,Jul,Ajustado,Thursday,True,5643.42,272.22,35793.81,32663.51,1964.39,2412.11,98.22,8602.30,5472.00,False
2025-07-04,Jul,Ajustado,Friday,True,5662.59,273.15,35962.56,32731.46,1962.30,2407.95,98.11,8602.30,5371.20,False
2025-07-05,Jul,Ajustado,Saturday,False,0.00,0.00,41084.47,37871.61,0.00,2390.82,0.00,8602.30,5389.45,False
2025-07-06,Jul,Ajustado,Sunday,False,0.00,0.00,37243.55,28662.70,0.00,2289.22,0.00,8580.84,0.00,False
2025-07-07,Jul,Ajustado,Monday,True,5625.29,271.35,33859.88,25257.58,1912.12,2293.81,95.61,8602.30,0.00,False
2025-07-08,Jul,Ajustado,Tuesday,True,5622.94,271.23,35365.05,32116.69,1907.94,2386.14,95.40,8602.30,5353.94,False
2025-07-09,Jul,Ajustado,Wednesday,False,0.00,0.00,9559.48,9348.95,0.00,1455.53,0.00,210.53,0.00,False
2025-07-10,Jul,Ajustado,Thursday,True,5627.25,778.95,18850.74,17751.63,1944.53,2381.99,1842.60,5099.11,4000.00,True
2025-07-11,Jul,Ajustado,Friday,True,5754.94,277.60,36411.26,34008.96,1960.21,2466.63,98.01,8602.30,6200.00,False
2025-07-12,Jul,Ajustado,Saturday,False,0.00,0.00,42864.10,39739.14,0.00,2429.76,0.00,8602.30,5477.34,False
2025-07-13,Jul,Ajustado,Sunday,False,0.00,0.00,37367.99,28792.49,0.00,2285.15,0.00,8575.50,0.00,False
2025-07-14,Jul,Ajustado,Monday,True,5513.11,265.94,33629.43,25027.13,1868.73,2219.45,93.44,8602.30,0.00,False
2025-07-15,Jul,Ajustado,Tuesday,True,5651.12,272.59,34651.30,31296.17,1962.30,2364.85,98.11,8602.30,5247.18,False
2025-07-16,Jul,Ajustado,Wednesday,True,5622.42,271.21,35368.42,32144.64,1927.28,2358.10,96.36,8602.30,5378.52,False
2025-07-17,Jul,Ajustado,Thursday,True,5643.55,272.23,34048.02,30796.93,1918.39,2371.08,95.92,8602.30,5351.21,False
2025-07-18,Jul,Ajustado,Friday,True,6005.64,291.07,35639.56,32408.58,2276.42,2410.03,113.82,8602.30,5371.32,False
2025-07-19,Jul,Ajustado,Saturday,False,0.00,0.00,41056.60,38168.87,0.00,2403.80,0.00,8602.30,5714.58,False
2025-07-20,Jul,Ajustado,Sunday,False,0.00,0.00,38433.78,29852.93,0.00,2394.97,0.00,8580.84,0.00,False
2025-07-21,Jul,Ajustado,Monday,True,5745.68,277.15,34742.47,26140.17,1929.37,2390.82,96.47,8602.30,0.00,False
2025-07-22,Jul,Ajustado,Tuesday,True,5879.82,284.08,35628.01,32494.24,2244.42,2377.83,112.22,8602.30,5468.53,False
2025-07-23,Jul,Ajustado,Wednesday,True,5762.77,277.98,35986.89,32980.33,1966.48,2433.92,98.32,8602.30,5595.74,False
2025-07-24,Jul,Ajustado,Thursday,True,6746.69,546.69,36374.98,33257.47,2333.32,2500.91,978.37,8602.30,5484.79,True
2025-07-25,Jul,Ajustado,Friday,True,5630.90,271.62,31838.31,29509.48,1942.44,2442.75,97.12,8528.83,6200.00,False
2025-07-26,Jul,Ajustado,Saturday,False,0.00,0.00,35767.34,32538.71,0.00,2684.18,0.00,8587.91,5359.28,False
2025-07-27,Jul,Ajustado,Sunday,False,0.00,0.00,38116.24,29535.84,0.00,2215.38,0.00,8580.40,0.00,False
2025-07-28,Jul,Ajustado,Monday,True,5691.29,274.53,35137.04,26534.74,1966.48,2263.76,98.32,8602.30,0.00,False
2025-07-29,Jul,Ajustado,Tuesday,True,6214.05,302.05,35248.55,32063.01,2284.13,2433.92,114.21,8602.30,5416.76,False
2025-07-30,Jul,Ajustado,Wednesday,True,5768.25,278.24,36604.05,33913.75,1942.44,2455.73,97.12,8602.30,5912.00,False
2025-07-31,Jul,Ajustado,Thursday,True,5822.16,281.30,35523.61,32411.31,2239.68,2373.16,111.98,8602.30,5490.01,False
2025-08-01,Jul,Ajustado,Friday,True,6128.62,297.47,36129.23,33067.79,2288.87,2420.94,114.44,8602.30,5540.86,False
2025-08-02,Ago,Ajustado,Saturday,False,0.00,0.00,44573.80,40689.76,0.00,2297.88,0.00,9715.19,5831.15,False
2025-08-03,Ago,Ajustado,Sunday,False,0.00,0.00,20237.35,14002.65,0.00,1970.92,0.00,6234.69,0.00,False
2025-08-13,Ago,Ajustado,Wednesday,True,5582.77,269.30,24587.06,15252.26,1912.12,2364.85,95.61,9334.81,0.00,False
2025-08-14,Ago,Ajustado,Thursday,True,5744.64,277.10,36000.07,31579.13,1962.30,2381.99,98.11,9734.41,5313.47,False
2025-08-15,Ago,Ajustado,Friday,True,5701.60,275.03,36019.32,31751.43,1940.34,2414.70,97.02,9735.43,5467.54,False
2025-08-16,Ago,Ajustado,Saturday,False,0.00,0.00,42100.68,37820.46,0.00,2446.90,0.00,9706.78,5426.57,False
2025-08-17,Ago,Ajustado,Sunday,False,0.00,0.00,39301.36,29596.82,0.00,2418.86,0.00,9704.54,0.00,False
2025-08-18,Ago,Ajustado,Monday,True,5599.46,270.10,34652.20,24910.79,1925.19,2297.88,96.26,9741.41,0.00,False
2025-08-19,Ago,Ajustado,Tuesday,True,5613.16,270.76,35172.58,30760.53,1899.05,2397.05,94.95,9741.41,5329.36,False
2025-08-20,Ago,Ajustado,Wednesday,True,5658.03,272.93,34767.25,30385.80,1929.37,2394.97,96.47,9723.84,5342.40,False
2025-08-21,Ago,Ajustado,Thursday,True,5688.55,274.40,37668.99,33332.41,1936.16,2384.07,96.81,9721.68,5385.10,False
2025-08-22,Ago,Ajustado,Friday,True,5747.38,277.24,36258.24,31950.21,1953.41,2416.78,97.67,9722.19,5414.15,False
2025-08-23,Ago,Ajustado,Saturday,False,0.00,0.00,42631.02,38384.33,0.00,2474.94,0.00,9716.84,5470.14,False
2025-08-24,Ago,Ajustado,Sunday,False,0.00,0.00,37613.33,27976.05,0.00,2287.19,0.00,9637.27,0.00,False
2025-08-25,Ago,Ajustado,Monday,True,5626.72,271.42,35192.07,25458.68,1918.39,2386.14,95.92,9733.39,0.00,False
2025-08-26,Ago,Ajustado,Tuesday,True,5570.11,268.69,35241.57,30855.47,1885.98,2297.88,94.30,9741.41,5355.31,False
2025-08-27,Ago,Ajustado,Wednesday,True,5539.07,267.19,35733.31,31304.02,1888.07,2384.07,94.40,9730.72,5301.43,False
2025-08-28,Ago,Ajustado,Thursday,True,5708.77,275.37,33473.48,29014.65,1936.16,2401.72,96.81,9730.72,5271.88,False
2025-08-29,Ago,Ajustado,Friday,True,5837.38,281.58,36281.40,31996.81,1973.28,2397.05,98.66,9717.99,5433.40,False
2025-08-30,Ago,Ajustado,Saturday,False,0.00,0.00,42176.82,38013.62,0.00,2472.86,0.00,9719.00,5555.80,False
2025-08-31,Ago,Ajustado,Sunday,False,0.00,0.00,40243.36,30527.03,0.00,2453.65,0.00,9716.33,0.00,False
2025-09-01,Ago,Ajustado,Monday,True,5656.72,272.86,35628.12,25886.71,1934.07,2382.93,96.70,9741.41,0.00,False
2025-09-02,Set,Ajustado,Tuesday,True,5610.94,270.66,35800.64,31249.65,1894.87,2314.69,94.74,9934.85,5383.86,False
2025-09-03,Set,Ajustado,Wednesday,True,5620.33,271.11,35258.38,30637.99,1949.23,2376.31,97.46,9960.67,5340.28,False
2025-09-04,Set,Ajustado,Thursday,True,5731.99,276.49,35605.58,31002.90,1940.34,2304.50,97.02,9951.91,5349.22,False
2025-09-05,Set,Ajustado,Friday,True,5930.12,286.05,35327.51,30822.34,2025.55,2391.08,101.28,9960.67,5455.49,False
2025-09-06,Set,Ajustado,Saturday,False,0.00,0.00,43012.86,38728.45,0.00,2479.62,0.00,9928.48,5644.07,False
2025-09-07,Set,Ajustado,Sunday,False,0.00,0.00,30958.86,22506.38,0.00,2804.17,0.00,8452.48,0.00,False
2025-09-08,Set,Ajustado,Monday,True,5780.77,278.85,41927.44,31981.90,1986.34,3184.81,99.32,9945.54,0.00,False
2025-09-09,Set,Ajustado,Tuesday,True,5548.59,267.65,35045.88,30602.26,1925.19,2346.77,96.26,9945.54,5501.92,False
2025-09-10,Set,Ajustado,Wednesday,True,5804.12,279.97,36105.45,31469.49,1973.28,2406.36,98.66,9916.90,5280.94,False
2025-09-11,Set,Ajustado,Thursday,True,5633.25,271.73,36384.66,31948.14,1942.44,2393.63,97.12,9960.67,5524.15,False
2025-09-12,Set,Ajustado,Friday,True,5980.08,288.46,30108.83,25635.68,2016.66,2890.37,100.83,9834.66,5361.51,False
2025-09-13,Set,Ajustado,Saturday,False,0.00,0.00,43716.79,38346.60,0.00,3308.85,0.00,9757.73,5691.62,False
2025-09-14,Set,Ajustado,Sunday,False,0.00,0.00,37750.03,28959.92,0.00,3304.10,0.00,8876.49,1304.07,False
2025-09-15,Set,Ajustado,Monday,True,5603.90,270.32,39286.05,30543.07,1916.30,2334.04,95.81,9960.67,1217.69,False
2025-09-16,Set,Ajustado,Tuesday,True,5586.55,269.48,41818.61,37191.53,1903.23,2834.29,95.16,9960.67,5333.58,False
2025-09-17,Set,Ajustado,Wednesday,True,6478.48,313.06,28462.53,23903.81,2726.26,2799.50,136.31,9875.79,5317.07,False
2025-09-18,Set,Ajustado,Thursday,True,5790.03,279.29,33456.27,29680.48,1986.34,2856.10,99.32,9941.21,6165.43,False
2025-09-19,Set,Ajustado,Friday,True,9800.58,3600.58,33350.58,28994.44,3328.40,2942.30,3328.40,9866.88,5510.74,True
2025-09-20,Set,Ajustado,Saturday,False,0.00,0.00,49073.08,45328.83,0.00,2955.29,0.00,9926.44,6200.00,False
2025-09-21,Set,Ajustado,Sunday,False,0.00,0.00,40858.89,30982.09,0.00,2359.50,0.00,9894.61,17.81,False
2025-09-22,Set,Ajustado,Monday,True,5871.43,283.22,35905.55,25944.88,1977.46,2406.36,98.87,9960.67,0.00,False
2025-09-23,Set,Ajustado,Tuesday,True,5881.21,283.69,35958.90,31602.71,2042.80,2461.96,102.14,9944.40,5588.21,False
2025-09-24,Set,Ajustado,Wednesday,True,5767.21,278.19,36280.64,31936.94,1964.39,2389.04,98.22,9941.21,5597.52,False
2025-09-25,Set,Ajustado,Thursday,True,5876.77,283.48,35710.48,31238.82,2029.73,2457.81,101.49,9960.67,5489.01,False
2025-09-26,Set,Ajustado,Friday,True,5936.78,286.37,36725.26,32357.89,2033.91,2557.51,101.70,9960.67,5593.30,False
2025-09-27,Set,Ajustado,Saturday,False,0.00,0.00,46378.01,42067.74,0.00,2483.77,0.00,9960.67,5650.40,False
2025-09-28,Set,Ajustado,Sunday,False,0.00,0.00,41617.20,31705.98,0.00,2509.73,0.00,9911.22,0.00,False
2025-09-29,Set,Ajustado,Monday,True,5883.43,283.80,35997.04,26036.37,2012.48,2479.62,100.62,9960.67,0.00,False
2025-09-30,Set,Ajustado,Tuesday,True,6032.39,290.98,37978.98,33617.94,2051.68,2526.87,102.58,9960.67,5599.63,False
2025-10-01,Set,Ajustado,Wednesday,True,6115.87,295.01,37713.53,33494.27,2073.12,2726.28,103.66,9960.67,5741.40,False
2025-10-02,Out,Ajustado,Thursday,True,6298.48,303.82,41424.78,37406.26,2151.52,2643.71,107.58,9839.38,5820.86,False
2025-10-03,Out,Ajustado,Friday,True,6373.62,307.44,42886.63,39041.92,2177.66,2687.33,108.88,9839.38,5994.66,False
2025-10-04,Out,Ajustado,Saturday,False,0.00,0.00,48410.48,44641.69,0.00,2643.71,0.00,9834.96,6066.17,False
2025-10-05,Out,Ajustado,Sunday,False,0.00,0.00,42709.01,32887.60,0.00,2565.82,0.00,9821.41,0.00,False
2025-10-06,Out,Ajustado,Monday,True,6151.87,296.75,38465.88,28626.51,2095.07,2609.44,104.75,9839.38,0.00,False
2025-10-07,Out,Ajustado,Tuesday,True,6323.53,305.03,38236.72,34252.46,2160.41,2578.80,108.02,9839.38,5855.12,False
2025-10-08,Out,Ajustado,Wednesday,True,6249.57,301.46,36977.72,33156.84,2121.21,2495.48,106.06,9839.38,6018.50,False
2025-10-09,Out,Ajustado,Thursday,True,6412.62,309.33,42992.74,39101.47,2182.37,3054.99,109.12,9839.38,5948.11,False
2025-10-10,Out,Ajustado,Friday,True,8279.52,2079.52,38256.58,35132.28,2968.06,2652.54,2933.69,9227.59,6103.29,True
2025-10-11,Out,Ajustado,Saturday,False,0.00,0.00,49306.73,45683.49,0.00,2704.47,0.00,9823.25,6200.00,False
2025-10-12,Out,Ajustado,Sunday,False,0.00,0.00,45922.64,36258.68,0.00,2639.56,0.00,9663.96,0.00,False
2025-10-13,Out,Ajustado,Monday,True,6241.09,301.05,37670.75,27832.61,2130.09,2591.78,106.50,9838.14,0.00,False
2025-10-14,Out,Ajustado,Tuesday,True,6112.61,294.85,38170.97,34271.85,2077.82,2465.43,103.89,9839.16,5940.04,False
2025-10-15,Out,Ajustado,Wednesday,True,6013.74,290.08,37023.43,33008.38,2060.05,2461.36,103.00,9832.80,5817.75,False
2025-10-16,Out,Ajustado,Thursday,True,6120.30,295.23,41629.90,37514.17,2068.93,2482.75,103.45,9839.38,5723.65,False
2025-10-17,Out,Ajustado,Friday,True,6688.60,488.60,39667.94,35653.64,2543.12,2682.66,766.25,9839.38,5825.08,True
2025-10-18,Out,Ajustado,Saturday,False,0.00,0.00,50445.40,46806.02,0.00,2708.62,0.00,9839.38,6200.00,False
2025-10-19,Out,Ajustado,Sunday,False,0.00,0.00,44563.16,34800.22,0.00,2663.45,0.00,9762.95,0.00,False
2025-10-20,Out,Ajustado,Monday,True,6053.91,292.02,39176.80,29337.43,2056.39,2478.17,102.82,9839.38,0.00,False
2025-10-21,Out,Ajustado,Tuesday,True,5898.43,284.52,39335.32,35267.47,1996.80,2396.17,99.84,9829.74,5761.89,False
2025-10-22,Out,Ajustado,Wednesday,True,6078.95,293.23,39459.06,35233.59,2056.91,2602.17,102.85,9839.38,5613.90,False
2025-10-23,Out,Ajustado,Thursday,True,5949.56,286.99,37036.80,32983.14,2075.21,2459.83,103.76,9839.38,5785.72,False
2025-10-24,Out,Ajustado,Friday,True,6231.96,300.61,42250.30,38076.51,2188.64,2631.25,109.43,9836.36,5662.57,False
2025-10-25,Out,Ajustado,Saturday,False,0.00,0.00,44694.40,40786.37,0.00,2647.35,0.00,9839.38,5931.35,False
2025-10-26,Out,Ajustado,Sunday,False,0.00,0.00,40769.48,31000.17,0.00,2439.97,0.00,9769.31,0.00,False
2025-10-27,Out,Ajustado,Monday,True,4783.31,230.73,30152.43,20514.64,1678.98,2034.07,83.95,9637.78,0.00,False
2025-10-28,Out,Ajustado,Tuesday,True,6254.66,301.71,35890.15,30603.35,2159.89,2616.71,107.99,9839.38,4552.58,False
2025-10-29,Out,Ajustado,Wednesday,True,6354.18,306.51,40226.66,36340.23,2180.27,2643.19,109.01,9839.38,5952.95,False
2025-10-30,Out,Ajustado,Thursday,True,6433.88,310.35,41878.14,38086.43,2193.34,2632.81,109.67,9839.38,6047.67,False
2025-10-31,Out,Ajustado,Friday,True,9180.97,2980.97,40325.44,36609.59,3132.23,2700.31,3091.34,9839.38,6123.53,True
2025-11-01,Nov,Real,Saturday,False,0.00,0.00,45002.17,42230.38,0.00,2430.24,0.00,8971.79,6200.00,False
2025-11-02,Nov,Real,Sunday,False,0.00,0.00,44826.51,35856.63,0.00,2461.91,0.00,8969.88,0.00,False
2025-11-03,Nov,Real,Monday,True,5955.47,297.77,35171.57,26199.78,2012.64,2478.72,100.63,8971.79,0.00,False
2025-11-04,Nov,Real,Tuesday,True,5900.27,295.01,37269.52,33955.42,2000.64,2483.03,100.03,8971.79,5657.69,False
2025-11-05,Nov,Real,Wednesday,True,5912.51,295.63,40747.24,37380.70,1999.68,2440.32,99.98,8971.79,5605.25,False
2025-11-06,Nov,Real,Thursday,True,5972.87,298.64,40130.44,36775.53,2023.20,2441.28,101.16,8971.79,5616.88,False
2025-11-07,Nov,Real,Friday,True,6021.47,301.07,38562.52,35264.95,2042.40,2506.55,102.12,8971.79,5674.22,False
2025-11-08,Nov,Real,Saturday,False,0.00,0.00,44532.75,41281.35,0.00,2506.55,0.00,8971.79,5720.39,False
2025-11-09,Nov,Real,Sunday,False,0.00,0.00,42240.27,33284.43,0.00,2437.43,0.00,8955.84,0.00,False
2025-11-10,Nov,Real,Monday,True,5700.83,285.04,36005.68,27033.89,1978.56,2471.99,98.93,8971.79,0.00,False
2025-11-11,Nov,Real,Tuesday,True,5653.43,282.67,36016.36,32460.35,1947.84,2386.55,97.39,8971.79,5415.79,False
2025-11-12,Nov,Real,Wednesday,True,5897.39,294.87,35359.48,31891.88,2018.88,2417.28,100.94,8838.36,5370.76,False
2025-11-13,Nov,Real,Thursday,True,5800.07,290.00,36299.20,32929.93,1988.64,2375.99,99.43,8971.79,5602.52,False
2025-11-14,Nov,Real,Friday,True,6592.55,392.55,37497.28,34035.55,2527.20,2486.88,377.34,8971.79,5510.06,True
2025-11-15,Nov,Real,Saturday,False,0.00,0.00,43821.27,41049.48,0.00,2512.80,0.00,8971.79,6200.00,False
2025-11-16,Nov,Real,Sunday,False,0.00,0.00,38835.17,29863.38,0.00,2533.43,0.00,8971.79,0.00,False
2025-11-17,Nov,Real,Monday,True,6080.75,304.04,40776.64,31804.85,2072.64,2481.59,103.63,8971.79,0.00,False
2025-11-18,Nov,Real,Tuesday,True,6135.83,306.79,38628.88,35433.80,2107.20,2507.03,105.36,8971.79,5776.71,False
2025-11-19,Nov,Real,Wednesday,True,6842.27,642.27,38047.73,34944.72,2526.72,2829.11,1324.16,8932.05,5829.04,True
2025-11-20,Nov,Real,Thursday,True,8124.70,1924.70,38889.64,36117.85,2902.07,2491.20,2482.55,8971.79,6200.00,True
2025-11-21,Nov,Real,Friday,True,6333.95,316.70,37941.41,35169.62,2395.20,2508.95,119.76,8971.79,6200.00,False
2025-11-22,Nov,Real,Saturday,False,0.00,0.00,45997.35,43042.81,0.00,2507.03,0.00,8971.79,6017.25,False
2025-11-23,Nov,Real,Sunday,False,0.00,0.00,36415.01,27532.19,0.00,2421.11,0.00,8882.82,0.00,False
2025-11-24,Nov,Real,Monday,True,5963.51,298.18,36729.16,27757.37,2029.92,2472.95,101.50,8971.79,0.00,False
2025-11-25,Nov,Real,Tuesday,True,5929.91,296.50,40988.56,37682.10,1991.04,2517.59,99.55,8971.79,5665.33,False
2025-11-26,Nov,Real,Wednesday,True,6171.11,308.56,37677.28,34338.90,2102.40,2502.24,105.12,8971.79,5633.41,False
2025-11-27,Nov,Real,Thursday,True,6276.11,313.81,42065.92,38956.68,2165.76,2576.16,108.29,8971.79,5862.55,False
2025-11-28,Nov,Real,Friday,True,6271.19,313.56,41139.88,38130.39,2121.12,2549.28,106.06,8971.79,5962.30,False
2025-11-29,Nov,Real,Saturday,False,0.00,0.00,48784.35,45770.18,0.00,2559.84,0.00,8971.79,5957.63,False
2025-11-30,Nov,Real,Sunday,False,0.00,0.00,41836.83,32865.03,0.00,2508.47,0.00,8971.79,0.00,False
2025-12-01,Nov,Real,Monday,True,6040.07,302.00,37342.84,28371.05,2051.04,2442.24,102.55,8971.79,0.00,False
2025-12-02,Dez,Real,Tuesday,True,5815.07,290.75,36392.32,33645.06,1982.40,2412.47,99.12,8485.32,5738.06,False
2025-12-03,Dez,Real,Wednesday,True,6014.39,300.72,40001.44,37040.43,2047.20,2462.88,102.36,8485.32,5524.31,False
2025-12-04,Dez,Real,Thursday,True,6192.35,309.62,37534.60,34762.94,2127.36,2556.95,106.37,8485.32,5713.67,False
2025-12-05,Dez,Real,Friday,True,6439.55,321.98,41005.60,38403.00,2186.39,2635.20,109.32,8485.32,5882.73,False
2025-12-06,Dez,Real,Saturday,False,0.00,0.00,45421.95,43054.19,0.00,2619.84,0.00,8485.32,6117.57,False
2025-12-07,Dez,Real,Sunday,False,0.00,0.00,45196.59,36711.26,0.00,2529.59,0.00,8485.32,0.00,False
2025-12-08,Dez,Real,Monday,True,6177.59,308.88,37361.20,28875.88,2082.72,2500.80,104.14,8485.32,0.00,False
2025-12-09,Dez,Real,Tuesday,True,6244.55,312.23,40467.88,37851.26,2105.76,2511.84,105.29,8485.32,5868.71,False
2025-12-10,Dez,Real,Wednesday,True,6195.23,309.76,37336.72,34868.28,2130.72,2507.99,106.54,8400.76,5932.32,False
2025-12-11,Dez,Real,Thursday,True,6037.79,301.89,39886.72,37286.86,2070.72,2509.91,103.54,8485.32,5885.47,False
2025-12-12,Dez,Real,Friday,True,6364.91,318.25,38754.04,36004.61,2179.68,2527.68,108.98,8485.32,5735.90,False
2025-12-13,Dez,Real,Saturday,False,0.00,0.00,48042.38,45603.72,0.00,2552.64,0.00,8485.32,6046.66,False
2025-12-14,Dez,Real,Sunday,False,0.00,0.00,47052.28,38416.44,0.00,2889.59,0.00,8485.32,0.00,False
2025-12-15,Dez,Real,Monday,True,6176.27,308.81,41131.60,32796.79,2094.72,2539.68,104.74,8485.32,150.52,False
2025-12-16,Dez,Real,Tuesday,True,6125.63,306.28,43747.24,41129.37,2116.80,2907.83,105.84,8485.32,5867.45,False
2025-12-17,Dez,Real,Wednesday,True,6208.19,310.41,40241.68,37575.70,2106.72,2509.91,105.34,8485.32,5819.35,False
2025-12-18,Dez,Real,Thursday,True,7448.99,1248.99,36553.12,33965.58,2519.99,2518.55,2493.59,8485.32,5897.78,True
2025-12-19,Dez,Real,Friday,True,6500.27,325.02,41911.12,39625.79,2223.84,2570.88,111.19,8485.32,6200.00,False
2025-12-20,Dez,Real,Saturday,False,0.00,0.00,51304.94,48994.87,0.00,2592.95,0.00,8485.32,6175.25,False
2025-12-21,Dez,Real,Sunday,False,0.00,0.00,48159.75,39674.42,0.00,2498.88,0.00,8485.32,0.00,False
2025-12-22,Dez,Real,Monday,True,5900.03,295.00,37366.48,28881.15,1998.72,2436.95,99.94,8485.32,0.00,False
2025-12-23,Dez,Real,Tuesday,True,6177.95,308.90,40756.60,37876.30,2105.76,2465.76,105.29,8485.32,5605.03,False
2025-12-24,Dez,Real,Wednesday,True,3839.03,191.95,33554.69,30938.42,1700.64,2390.88,85.03,8485.32,5869.05,False
2025-12-25,Dez,Real,Thursday,True,3936.59,196.83,24839.68,20247.37,1354.56,1352.64,67.73,8239.39,3647.08,False
2025-12-26,Dez,Real,Friday,True,5990.27,299.51,34499.68,29754.11,2068.80,2449.91,103.44,8485.32,3739.76,False
2025-12-27,Dez,Real,Saturday,False,0.00,0.00,42020.32,39225.75,0.00,2517.59,0.00,8485.32,5690.75,False
2025-12-28,Dez,Real,Sunday,False,0.00,0.00,42942.75,34457.42,0.00,2387.99,0.00,8485.32,0.00,False
2025-12-29,Dez,Real,Monday,True,6463.07,323.15,32026.85,23588.86,2201.76,2100.00,110.09,8437.99,0.00,False
2025-12-30,Dez,Real,Tuesday,True,7639.91,1439.91,33558.77,31250.85,2995.67,3191.99,2455.68,8447.83,6139.91,True
2025-12-31,Dez,Real,Wednesday,True,3939.11,196.96,36633.17,34347.84,0.00,1712.64,85.20,8485.32,6200.00,False
2026-01-01,Dez,Real,Thursday,False,0.00,0.00,342.00,342.00,0.00,1790.88,0.00,0.00,0.00,False
2026-01-02,Jan,Real,Friday,False,0.00,0.00,0.00,0.00,0.00,2478.72,0.00,0.00,0.00,False
2026-01-03,Jan,Real,Saturday,False,0.00,0.00,2520.23,2520.23,0.00,1894.56,0.00,0.00,0.00,False
2026-01-04,Jan,Real,Sunday,False,0.00,0.00,39061.71,34738.89,0.00,2420.64,0.00,8064.97,3742.16,False
2026-01-05,Jan,Real,Monday,True,6226.79,311.34,36872.80,28807.83,2425.91,2417.76,121.30,8064.97,0.00,False
2026-01-06,Jan,Real,Tuesday,True,6442.79,322.14,35112.78,32963.25,2413.91,2478.72,120.70,8064.97,5915.45,False
2026-01-07,Jan,Real,Wednesday,True,5984.87,299.24,36296.92,34352.59,2053.92,2418.72,102.70,8064.97,6120.65,False
2026-01-08,Jan,Real,Thursday,True,6140.15,307.01,38448.64,36069.29,2110.56,2447.99,105.53,8064.97,5685.62,False
2026-01-09,Jan,Real,Friday,True,6176.99,308.85,36045.88,33814.05,2142.72,2434.55,107.14,8064.97,5833.14,False
2026-01-10,Jan,Real,Saturday,False,0.00,0.00,43158.39,40961.55,0.00,2486.88,0.00,8064.97,5868.14,False
2026-01-11,Jan,Real,Sunday,False,0.00,0.00,42145.71,34080.73,0.00,2509.91,0.00,8064.97,0.00,False
2026-01-12,Jan,Real,Monday,True,6005.27,300.26,36359.08,28294.11,2037.60,2460.95,101.88,8064.97,0.00,False
2026-01-13,Jan,Real,Tuesday,True,6064.67,303.23,37010.56,34650.59,2107.68,2508.95,105.38,8064.97,5705.00,False
2026-01-14,Jan,Real,Wednesday,True,6005.03,300.25,36421.84,34118.30,2042.88,2453.76,102.14,8064.97,5761.43,False
2026-01-15,Jan,Real,Thursday,True,6044.15,302.21,36131.56,33771.36,2047.68,2469.59,102.38,8064.97,5704.78,False
2026-01-16,Jan,Real,Friday,True,6170.15,308.51,37456.48,35133.45,2112.00,2505.59,105.60,8064.97,5741.94,False
2026-01-17,Jan,Real,Saturday,False,0.00,0.00,45947.07,43743.73,0.00,2517.59,0.00,8064.97,5861.64,False
2026-01-18,Jan,Real,Sunday,False,0.00,0.00,40930.59,32865.62,0.00,2371.68,0.00,8064.97,0.00,False
2026-01-19,Jan,Real,Monday,True,5943.95,297.20,33755.81,25741.31,2040.00,2369.76,102.00,8014.50,0.00,False
2026-01-20,Jan,Real,Tuesday,True,5900.03,295.00,36684.40,34266.18,1992.96,2461.91,99.65,8064.97,5646.75,False
2026-01-21,Jan,Real,Wednesday,True,5822.63,291.13,36641.44,34181.49,1992.00,2410.55,99.60,8064.97,5605.03,False
2026-01-22,Jan,Real,Thursday,True,6824.27,624.27,35936.68,33403.20,2411.99,2430.72,1250.51,8064.97,5531.50,True
2026-01-23,Jan,Real,Friday,True,6021.59,301.08,38626.00,36761.03,2067.84,2371.68,103.39,8064.97,6200.00,False
2026-01-24,Jan,Real,Saturday,False,0.00,0.00,43358.06,41013.60,0.00,2475.84,0.00,8064.97,5720.51,False
2026-01-25,Jan,Real,Sunday,False,0.00,0.00,40798.23,32733.25,0.00,2447.99,0.00,8064.97,0.00,False
2026-01-26,Jan,Real,Monday,True,5924.03,296.20,36973.36,28908.39,2009.76,2491.68,100.49,8064.97,0.00,False
2026-01-27,Jan,Real,Tuesday,True,5283.95,264.20,35293.96,32856.81,1788.00,2299.68,89.40,8064.97,5627.83,False
2026-01-28,Jan,Real,Wednesday,True,5377.91,268.90,34736.32,31691.10,1867.68,2345.76,93.38,8064.97,5019.75,False
2026-01-29,Jan,Real,Thursday,True,5548.43,277.42,35221.24,32265.28,1873.92,2359.68,93.70,8064.97,5109.01,False
2026-01-30,Jan,Real,Friday,True,6020.99,301.05,35084.80,32290.83,2073.60,2365.91,103.68,8064.97,5271.01,False
2026-01-31,Jan,Real,Saturday,False,0.00,0.00,42198.27,39853.23,0.00,2443.68,0.00,8064.97,5719.94,False
2026-02-01,Jan,Real,Sunday,False,0.00,0.00,201.48,201.48,0.00,805.92,0.00,0.00,0.00,False
